group_test,confirm,start,step_1,step_2,step_3,total_starts,completion_rate
control,15434,23397,20152,18650,17422,95055,16.236915469991057
test,18687,26679,24267,22258,20881,112772,16.57060263185897
